id,机型,逻辑 (pt),物理 (px),倍率,ppi,顶部安全区,底部安全区,status,platform,source
iphone-18-pro-max,iPhone 18 Pro Max,440 x 956,1320 x 2868,@3x,460,62,34,official,ios,references/devices.md
iphone-18-pro,iPhone 18 Pro,402 x 874,1206 x 2622,@3x,460,62,34,official,ios,references/devices.md
iphone-17-pro-max,iPhone 17 Pro Max,440 x 956,1320 x 2868,@3x,460,62,34,official,ios,references/devices.md
iphone-17-pro,iPhone 17 Pro,402 x 874,1206 x 2622,@3x,460,62,34,official,ios,references/devices.md
iphone-17,iPhone 17,402 x 874,1206 x 2622,@3x,460,62,34,official,ios,references/devices.md
iphone-air,iPhone Air,420 x 912,1260 x 2736,@3x,460,68,34,official,ios,references/devices.md
iphone-17e,iPhone 17e,390 x 844,1170 x 2532,@3x,460,59 (未验证),34,unverified,ios,references/devices.md
iphone-16-pro-max,iPhone 16 Pro Max,440 x 956,1320 x 2868,@3x,460,62,34,official,ios,references/devices.md
iphone-16-pro,iPhone 16 Pro,402 x 874,1206 x 2622,@3x,460,62,34,official,ios,references/devices.md
iphone-16-plus,iPhone 16 Plus,430 x 932,1290 x 2796,@3x,460,59,34,official,ios,references/devices.md
iphone-16,iPhone 16,393 x 852,1179 x 2556,@3x,460,59,34,official,ios,references/devices.md
iphone-16e,iPhone 16e,390 x 844,1170 x 2532,@3x,460,47 (未验证),34,unverified,ios,references/devices.md
iphone-15-pro-max-15-plus,iPhone 15 Pro Max / 15 Plus,430 x 932,1290 x 2796,@3x,460,59,34,official,ios,references/devices.md
iphone-15-pro-15,iPhone 15 Pro / 15,393 x 852,1179 x 2556,@3x,460,59,34,official,ios,references/devices.md
iphone-14-13,iPhone 14 / 13,390 x 844,1170 x 2532,@3x,460,47,34,official,ios,references/devices.md
iphone-14-pro-13-pro,iPhone 14 Pro / 13 Pro,393 x 852,1179 x 2556,@3x,460,47,34,official,ios,references/devices.md
iphone-14-pro-max-13-pro-max-12-pro-max,iPhone 14 Pro Max / 13 Pro Max / 12 Pro Max,428 x 926,1284 x 2778,@3x,458,47,34,official,ios,references/devices.md
iphone-13-mini-12-mini,iPhone 13 mini / 12 mini,375 x 812,1170 x 2532,@3x,460,50,34,official,ios,references/devices.md
iphone-se-2-se-3,iPhone SE 2 / SE 3,375 x 667,750 x 1334,@2x,326,20,0,official,ios,references/devices.md
